user_id,email,first_name,last_name,city_id,country_id,phone,street,house_number,birth_date
0,alexandriamayo@hill-cervantes.org,Alexandria,Mayo,3,1,769150977,Meghan Square,7280,2000-01-11
1,angelascott@turner.biz,Angela,Scott,1,1,112103771,Robert Rue,3166,1945-11-27
2,edwardadams@walsh.com,Edward,Adams,1,2,960451100,Brandon Shoal,2941,1950-02-06
3,robertscott@mcconnell-king.com,Robert,Scott,3,3,101475688,Miller Meadow,320,1944-06-22
4,kevinjackson@nguyen.net,Kevin,Jackson,2,1,150850556,Deborah Viaduct,695,1995-08-12
5,stephaniepeters@scott-ayers.org,Stephanie,Peters,1,1,863109480,Shepard Drive,07217,2004-10-13
6,sallygross@hansen-hawkins.com,Sally,Gross,2,1,314686127,Contreras Expressway,6474,2003-04-23
7,triciaclayton@rhodes.org,Tricia,Clayton,1,2,832919521,Moore Lock,310,1964-08-30
8,kristopherwatson@barrett.org,Kristopher,Watson,1,3,845732107,Eric Junctions,74782,2005-04-30
9,scottramos@kelly-baker.biz,Scott,Ramos,1,3,370612753,Jackie Keys,953,1980-04-14
10,richardmoore@collins.com,Richard,Moore,3,1,505145391,Johnson Island,00477,1953-01-04
11,thomaschambers@perez-barnes.com,Thomas,Chambers,1,1,228602845,Larry Mountain,98223,1980-01-06
12,lisaryan@thompson.com,Lisa,Ryan,2,3,458523633,Woods Fields,88783,1987-09-02
13,nicolejones@hines.com,Nicole,Jones,2,3,676549458,Smith Mountains,8409,1977-02-28
14,christyramsey@roman-elliott.com,Christy,Ramsey,2,2,656644336,Mitchell Shore,35417,2001-09-04
15,thomasthompson@bowen-levine.com,Thomas,Thompson,1,1,590663869,Timothy Points,8337,1994-05-27
16,jenniferdavis@rogers.com,Jennifer,Davis,3,1,417382294,Strong Causeway,46271,1984-07-03
17,kristicannon@hughes-cruz.com,Kristi,Cannon,1,2,494487513,Alexander Avenue,781,1974-05-10
18,lisabowman@roberts.info,Lisa,Bowman,1,1,200078475,Marissa Mountain,0338,2003-05-29
19,frederickrandolph@miller.net,Frederick,Randolph,1,3,568232376,Conner Tunnel,0353,1977-12-28
20,amandaswanson@smith.com,Amanda,Swanson,3,1,966524457,Rivera Manor,321,2003-06-28
21,baileyjones@brown.com,Bailey,Jones,2,3,635610937,Martha Stream,522,2006-01-29
22,justincunningham@harris.com,Justin,Cunningham,3,1,466019301,Butler Vista,8822,2008-12-10
23,robertgonzales@jones-weber.com,Robert,Gonzales,2,2,778290794,Cunningham Road,38760,1976-07-02
24,marckim@robinson.com,Marc,Kim,3,2,348729930,Brenda Vista,1004,1948-10-05
25,keithmyers@wilson.com,Keith,Myers,3,1,600872869,Moore Point,9547,1964-04-12
26,patriciadiaz@johnson.net,Patricia,Diaz,2,1,332078277,Sanchez Pines,3728,1999-08-10
27,jaredgrant@valdez.com,Jared,Grant,1,1,227728052,Castillo Underpass,5776,1962-08-08
28,larrynguyen@carroll.org,Larry,Nguyen,3,2,188500504,Jesus Roads,5538,1965-12-02
29,dianajohnson@deleon-jones.com,Diana,Johnson,1,1,277076940,Phillips Circles,6390,1948-11-28
30,brianbradley@edwards-gilbert.com,Brian,Bradley,2,2,924491768,Adams Street,434,1978-04-24
31,jasonrogers@king-fernandez.com,Jason,Rogers,3,3,783503956,Morris Glen,81480,1988-06-10
32,johnphillips@hansen.com,John,Phillips,1,2,145031594,Benjamin Neck,247,1947-03-15
33,jeffreyhumphrey@murphy.com,Jeffrey,Humphrey,1,3,903768428,Smith Knoll,151,1961-04-13
34,melissabrewer@welch.com,Melissa,Brewer,2,2,267423462,Susan Plains,93117,1955-07-16
35,michellechristensen@sawyer-frazier.com,Michelle,Christensen,3,1,548865548,Michael Mews,5566,1946-09-08
36,johnathanthompson@fox.com,Johnathan,Thompson,1,2,298002241,Alexandra Views,054,1970-09-03
37,tammyrobinson@bush.biz,Tammy,Robinson,2,3,839555225,Jennifer Track,6558,1945-07-23
38,williamsimmons@strickland.org,William,Simmons,2,1,241748964,Hampton Freeway,137,1972-10-02
39,ashleygreer@cardenas.info,Ashley,Greer,3,1,562994938,Nathan Street,83228,2000-03-27
40,kimallen@torres.com,Kim,Allen,2,3,214262428,Reynolds Freeway,07600,1970-07-15
41,davidkoch@mitchell.com,David,Koch,1,2,579310742,Edwards Valley,573,1950-03-26
42,barbarabarnett@jones.info,Barbara,Barnett,2,2,803330306,Porter Inlet,402,1981-05-17
43,andrewoconnor@rios.com,Andrew,Oconnor,3,1,201747915,Jackson Common,760,1951-06-28
44,rhondasherman@ray.org,Rhonda,Sherman,2,2,195090904,Moses Junctions,700,1980-10-16
45,joelwright@oneal.com,Joel,Wright,3,3,285844329,Hahn Estates,7573,2006-02-05
46,andrewcarter@smith.biz,Andrew,Carter,2,1,427967548,Orr Manor,211,1995-07-07
47,carlosmarquez@davis-mayer.com,Carlos,Marquez,1,1,282061422,West Points,991,1999-01-18
48,taramcclure@hill-james.com,Tara,Mcclure,1,3,708344168,Schneider Green,5311,1985-07-20
49,paullane@robinson.com,Paul,Lane,1,2,413281646,Catherine Mountain,21142,1948-04-13
50,josemontoya@hall.com,Jose,Montoya,3,3,739167941,Monique Track,91751,1976-01-01
51,hannahwilliams@flowers.biz,Hannah,Williams,1,1,686077762,Jared Mountains,2013,1957-12-03
52,erinferguson@jordan.com,Erin,Ferguson,2,1,566267718,Grant Avenue,8672,1963-05-01
53,travisboyd@campbell.info,Travis,Boyd,3,3,258284353,Amy Hill,60691,1978-02-06
54,matthewharvey@henson.biz,Matthew,Harvey,3,3,871610034,Jacobs Corners,083,1993-10-17
55,hannahbaker@smith-adams.biz,Hannah,Baker,1,1,960882531,Robinson Bridge,2491,2001-05-04
56,jackford@jones.com,Jack,Ford,2,2,731680797,Joseph Route,91745,2007-03-17
57,debbiefox@brooks-donaldson.com,Debbie,Fox,1,2,850098954,Parsons Ways,378,1993-01-12
58,virginiajones@sandoval.net,Virginia,Jones,3,1,502365683,Joy Summit,9557,2003-08-08
59,annettehoward@hunter.org,Annette,Howard,3,3,419367686,Dunn Groves,55955,1947-09-18
60,deborahpatel@reynolds.net,Deborah,Patel,1,3,401647019,Thompson Fort,916,1970-05-31
61,lesliemelton@dixon-wilson.org,Leslie,Melton,2,1,575501791,John View,60460,1972-10-02
62,pamelarhodes@lawrence.info,Pamela,Rhodes,2,3,313850269,Perez Squares,284,1955-01-01
63,tyronerice@edwards-alexander.net,Tyrone,Rice,3,1,600775966,Adams Pike,728,1954-03-25
64,hollymanning@nixon.org,Holly,Manning,1,1,246730799,Brandy Mills,3980,1947-12-15
65,rachelvance@moore-black.biz,Rachel,Vance,3,2,621286563,Bethany Ramp,072,1966-12-01
66,juliedavis@castaneda-cruz.com,Julie,Davis,2,1,788809557,Moreno Throughway,2737,1974-07-30
67,lindaporter@perkins-carter.com,Linda,Porter,3,3,382029872,Jill Track,4774,1966-02-11
68,kennethbailey@alexander.com,Kenneth,Bailey,1,1,685815096,Davis Summit,608,1953-03-31
69,stephencarter@palmer-davidson.com,Stephen,Carter,2,2,302486838,Reynolds Fields,56761,1991-06-15
70,elizabethclements@ward.com,Elizabeth,Clements,1,3,259099560,Matthew Plains,6612,1966-10-21
71,elizabethgreene@jones-armstrong.com,Elizabeth,Greene,2,1,673127006,Robin Run,87725,1994-11-25
72,jeremyrogers@jackson.com,Jeremy,Rogers,1,2,572201662,Philip Trace,63382,1958-04-13
73,amandacook@caldwell-strickland.com,Amanda,Cook,3,3,314369808,Gates Loaf,0992,2008-07-04
74,scottking@schmidt.org,Scott,King,1,2,591279572,Rebecca Drive,920,1999-03-10
75,alexandralane@downs.com,Alexandra,Lane,1,2,302407720,Hernandez Viaduct,000,1955-01-19
76,albertroberts@warren.com,Albert,Roberts,1,3,672578222,Gordon Stravenue,732,1985-11-14
77,jerrylambert@murphy.com,Jerry,Lambert,1,3,822105928,James Camp,148,1955-09-12
78,francesbowman@spencer.com,Frances,Bowman,3,1,947740978,Jake Stream,1519,1956-05-03
79,matthewmitchell@berry.com,Matthew,Mitchell,2,1,317919160,Ward Views,40390,1998-10-24
80,meghanyu@carter.com,Meghan,Yu,2,3,506289141,Erik Mountain,90854,1950-02-12
81,adammartin@kelly-santiago.com,Adam,Martin,2,3,632030344,Meagan Pass,735,1997-01-02
82,jameswilliams@carpenter.com,James,Williams,1,2,401126667,Lopez Views,953,1992-03-25
83,meganhernandez@acevedo.info,Megan,Hernandez,1,3,736635893,Jessica Crest,329,1997-01-01
84,rachelbell@clark.com,Rachel,Bell,1,2,842184570,Berry Isle,7809,1976-02-29
85,darrylmullins@jones.com,Darryl,Mullins,2,2,501559713,White Turnpike,70260,2007-12-14
86,douglasthomas@stevens-sandoval.org,Douglas,Thomas,1,3,250125298,Rachel Plaza,323,2006-09-10
87,troyhenderson@cuevas.com,Troy,Henderson,3,2,809709877,Tiffany Streets,49778,1953-09-26
88,kelseycantrell@hopkins.com,Kelsey,Cantrell,1,2,830909575,Mitchell Summit,59024,1984-07-27
89,paulhaley@ward-cole.info,Paul,Haley,3,3,985980305,Rios Trail,845,1948-01-01
90,jamesforbes@myers-kim.com,James,Forbes,1,3,103203911,Karen Mission,289,1996-03-27
91,sandraflores@reed-duke.com,Sandra,Flores,1,1,628458372,Robert Springs,989,2005-02-10
92,scottsimmons@walker.com,Scott,Simmons,3,2,602817555,Wilson Inlet,214,1993-10-07
93,tonyanorris@morgan-huynh.biz,Tonya,Norris,1,3,606167097,Brittany Port,665,1951-10-01
94,johnmartin@diaz-weaver.net,John,Martin,3,3,305877524,Peters Field,887,1972-05-26
95,josemorales@marshall.com,Jose,Morales,1,3,370916060,Wells Estates,349,1957-02-12
96,anthonyjones@williams-jones.com,Anthony,Jones,2,1,840378698,Natasha Viaduct,147,1958-04-15
97,sandymathews@madden-bean.com,Sandy,Mathews,1,3,874389519,Chang Divide,7891,1961-08-23
98,benjaminperez@fowler.info,Benjamin,Perez,1,1,553058951,Elizabeth Lights,30597,1949-02-07
99,donnamontgomery@lopez-tate.com,Donna,Montgomery,3,2,663582008,Tucker Summit,1821,1994-01-02
